repo_id,name,full_name,owner_login,stars,forks,language,created_at,updated_at,url
54346799,public-apis,public-apis/public-apis,public-apis,422324,45992,Python,2016-03-20 23:49:42,2026-04-15 07:12:08,https://github.com/public-apis/public-apis
13491895,free-programming-books,EbookFoundation/free-programming-books,EbookFoundation,385536,66103,Python,2013-10-11 06:50:37,2026-04-15 06:58:23,https://github.com/EbookFoundation/free-programming-books
83222441,system-design-primer,donnemartin/system-design-primer,donnemartin,342823,55393,Python,2017-02-26 16:15:28,2026-04-15 07:06:58,https://github.com/donnemartin/system-design-primer
21289110,awesome-python,vinta/awesome-python,vinta,292388,27676,Python,2014-06-27 21:00:06,2026-04-15 07:11:20,https://github.com/vinta/awesome-python
63476337,Python,TheAlgorithms/Python,TheAlgorithms,219616,50329,Python,2016-07-16 09:44:01,2026-04-15 06:50:19,https://github.com/TheAlgorithms/Python
614765452,AutoGPT,Significant-Gravitas/AutoGPT,Significant-Gravitas,183444,46222,Python,2023-03-16 09:21:07,2026-04-15 07:11:20,https://github.com/Significant-Gravitas/AutoGPT
527591471,stable-diffusion-webui,AUTOMATIC1111/stable-diffusion-webui,AUTOMATIC1111,162373,30278,Python,2022-08-22 14:05:26,2026-04-15 06:55:03,https://github.com/AUTOMATIC1111/stable-diffusion-webui
155220641,transformers,huggingface/transformers,huggingface,159391,32872,Python,2018-10-29 13:56:00,2026-04-15 07:06:25,https://github.com/huggingface/transformers
307260205,yt-dlp,yt-dlp/yt-dlp,yt-dlp,156932,12925,Python,2020-10-26 04:22:55,2026-04-15 06:53:33,https://github.com/yt-dlp/yt-dlp
58028038,HelloGitHub,521xueweihan/HelloGitHub,521xueweihan,151188,11512,Python,2016-05-04 06:24:11,2026-04-15 07:11:30,https://github.com/521xueweihan/HelloGitHub
599320067,langflow,langflow-ai/langflow,langflow-ai,146953,8767,Python,2023-02-08 22:28:03,2026-04-15 07:07:45,https://github.com/langflow-ai/langflow
1039520,youtube-dl,ytdl-org/youtube-dl,ytdl-org,140076,10615,Python,2010-10-31 14:35:07,2026-04-15 01:42:11,https://github.com/ytdl-org/youtube-dl
552661142,langchain,langchain-ai/langchain,langchain-ai,133596,22075,Python,2022-10-17 02:58:36,2026-04-15 06:57:47,https://github.com/langchain-ai/langchain
701547123,open-webui,open-webui/open-webui,open-webui,131918,18722,Python,2023-10-06 22:08:27,2026-04-15 07:10:22,https://github.com/open-webui/open-webui
1061953414,skills,anthropics/skills,anthropics,117616,13558,Python,2025-09-22 15:53:31,2026-04-15 07:09:00,https://github.com/anthropics/skills
888092115,markitdown,microsoft/markitdown,microsoft,108872,6911,Python,2024-11-13 19:56:40,2026-04-15 07:11:50,https://github.com/microsoft/markitdown
589831718,ComfyUI,Comfy-Org/ComfyUI,Comfy-Org,108823,12633,Python,2023-01-17 03:15:56,2026-04-15 06:56:04,https://github.com/Comfy-Org/ComfyUI
793375104,awesome-llm-apps,Shubhamsaboo/awesome-llm-apps,Shubhamsaboo,105628,15430,Python,2024-04-29 05:30:25,2026-04-15 07:08:17,https://github.com/Shubhamsaboo/awesome-llm-apps
908531752,DeepSeek-V3,deepseek-ai/DeepSeek-V3,deepseek-ai,102627,16647,Python,2024-12-26 09:52:40,2026-04-15 06:44:39,https://github.com/deepseek-ai/DeepSeek-V3
65600975,pytorch,pytorch/pytorch,pytorch,99131,27493,Python,2016-08-13 05:26:41,2026-04-15 06:20:05,https://github.com/pytorch/pytorch
537603333,whisper,openai/whisper,openai,97773,12037,Python,2022-09-16 20:02:54,2026-04-15 07:09:28,https://github.com/openai/whisper
160919119,fastapi,fastapi/fastapi,fastapi,97218,9074,Python,2018-12-08 08:21:47,2026-04-15 06:48:48,https://github.com/fastapi/fastapi
33614304,thefuck,nvbn/thefuck,nvbn,96509,3910,Python,2015-04-08 15:08:04,2026-04-15 06:42:18,https://github.com/nvbn/thefuck
695864515,Deep-Live-Cam,hacksider/Deep-Live-Cam,hacksider,90623,13175,Python,2023-09-24 13:19:31,2026-04-15 06:58:18,https://github.com/hacksider/Deep-Live-Cam
1042367133,spec-kit,github/spec-kit,github,88080,7579,Python,2025-08-21 22:54:31,2026-04-15 07:09:00,https://github.com/github/spec-kit
881458615,browser-use,browser-use/browser-use,browser-use,87876,10099,Python,2024-10-31 16:00:56,2026-04-15 07:10:01,https://github.com/browser-use/browser-use
4164482,django,django/django,django,87269,33807,Python,2012-04-28 02:47:18,2026-04-15 06:00:41,https://github.com/django/django
1024554267,hermes-agent,NousResearch/hermes-agent,NousResearch,86408,11710,Python,2025-07-22 22:22:28,2026-04-15 07:11:46,https://github.com/NousResearch/hermes-agent
12888993,core,home-assistant/core,home-assistant,86031,37245,Python,2013-09-17 07:29:48,2026-04-15 07:08:34,https://github.com/home-assistant/core
32689863,manim,3b1b/manim,3b1b,86029,7215,Python,2015-03-22 18:50:58,2026-04-15 07:07:16,https://github.com/3b1b/manim
212639071,devops-exercises,bregman-arie/devops-exercises,bregman-arie,82023,19177,Python,2019-10-03 17:31:21,2026-04-15 06:37:11,https://github.com/bregman-arie/devops-exercises
162998479,sherlock,sherlock-project/sherlock,sherlock-project,81108,9425,Python,2018-12-24 14:30:48,2026-04-15 07:05:37,https://github.com/sherlock-project/sherlock
145553672,funNLP,fighting41love/funNLP,fighting41love,80001,15165,Python,2018-08-21 11:20:39,2026-04-15 06:19:20,https://github.com/fighting41love/funNLP
730534580,ragflow,infiniflow/ragflow,infiniflow,78088,8806,Python,2023-12-12 06:13:13,2026-04-15 07:12:09,https://github.com/infiniflow/ragflow
51117837,models,tensorflow/models,tensorflow,77675,45153,Python,2016-02-05 01:15:20,2026-04-15 02:20:41,https://github.com/tensorflow/models
101138315,d2l-zh,d2l-ai/d2l-zh,d2l-ai,77139,12216,Python,2017-08-23 04:40:24,2026-04-15 07:02:16,https://github.com/d2l-ai/d2l-zh
71220757,PayloadsAllTheThings,swisskyrepo/PayloadsAllTheThings,swisskyrepo,76895,16849,Python,2016-10-18 07:29:07,2026-04-15 07:12:20,https://github.com/swisskyrepo/PayloadsAllTheThings
599547518,vllm,vllm-project/vllm,vllm-project,76644,15598,Python,2023-02-09 11:23:20,2026-04-15 07:09:37,https://github.com/vllm-project/vllm
262296122,PaddleOCR,PaddlePaddle/PaddleOCR,PaddlePaddle,75618,10236,Python,2020-05-08 10:38:16,2026-04-15 07:00:31,https://github.com/PaddlePaddle/PaddleOCR
1174820787,autoresearch,karpathy/autoresearch,karpathy,72437,10575,Python,2026-03-06 22:00:43,2026-04-15 07:11:19,https://github.com/karpathy/autoresearch
81598961,cpython,python/cpython,python,72333,34422,Python,2017-02-10 19:23:51,2026-04-15 07:10:36,https://github.com/python/cpython
21872392,awesome-machine-learning,josephmisiti/awesome-machine-learning,josephmisiti,72193,15401,Python,2014-07-15 19:11:19,2026-04-15 03:17:03,https://github.com/josephmisiti/awesome-machine-learning
596892,flask,pallets/flask,pallets,71421,16786,Python,2010-04-06 11:11:59,2026-04-15 06:41:34,https://github.com/pallets/flask
771302083,OpenHands,OpenHands/OpenHands,OpenHands,71226,8949,Python,2024-03-13 03:33:31,2026-04-15 07:06:48,https://github.com/OpenHands/OpenHands
616372661,gpt_academic,binary-husky/gpt_academic,binary-husky,70430,8389,Python,2023-03-20 09:05:13,2026-04-15 07:10:06,https://github.com/binary-husky/gpt_academic
646410686,LlamaFactory,hiyouga/LlamaFactory,hiyouga,70121,8579,Python,2023-05-28 10:09:12,2026-04-15 07:12:03,https://github.com/hiyouga/LlamaFactory
3638964,ansible,ansible/ansible,ansible,68375,24156,Python,2012-03-06 14:58:02,2026-04-15 07:11:38,https://github.com/ansible/ansible
660551251,MetaGPT,FoundationAgents/MetaGPT,FoundationAgents,67082,8503,Python,2023-06-30 09:04:55,2026-04-15 06:43:22,https://github.com/FoundationAgents/MetaGPT
290091948,annotated_deep_learning_paper_implementations,labmlai/annotated_deep_learning_paper_implementations,labmlai,66296,6677,Python,2020-08-25 02:29:34,2026-04-15 06:05:32,https://github.com/labmlai/annotated_deep_learning_paper_implementations
620936652,gpt4free,xtekky/gpt4free,xtekky,66012,13615,Python,2023-03-29 17:00:43,2026-04-15 05:25:43,https://github.com/xtekky/gpt4free
323048702,OpenBB,OpenBB-finance/OpenBB,OpenBB-finance,65896,6561,Python,2020-12-20 10:46:38,2026-04-15 06:30:34,https://github.com/OpenBB-finance/OpenBB
843222,scikit-learn,scikit-learn/scikit-learn,scikit-learn,65825,26943,Python,2010-08-17 09:43:38,2026-04-15 07:08:27,https://github.com/scikit-learn/scikit-learn
1106996539,ui-ux-pro-max-skill,nextlevelbuilder/ui-ux-pro-max-skill,nextlevelbuilder,65156,6605,Python,2025-11-30 11:36:31,2026-04-15 07:10:26,https://github.com/nextlevelbuilder/ui-ux-pro-max-skill
71948498,localstack,localstack/localstack,localstack,64861,4691,Python,2016-10-25 23:48:03,2026-04-15 06:37:07,https://github.com/localstack/localstack
798201435,crawl4ai,unclecode/crawl4ai,unclecode,64005,6560,Python,2024-05-09 09:48:50,2026-04-15 06:45:22,https://github.com/unclecode/crawl4ai
33015583,keras,keras-team/keras,keras-team,63994,19738,Python,2015-03-28 00:35:42,2026-04-15 05:37:13,https://github.com/keras-team/keras
571186647,pathway,pathwaycom/pathway,pathwaycom,63522,1632,Python,2022-11-27 13:01:14,2026-04-15 05:29:24,https://github.com/pathwaycom/pathway
666299222,open-interpreter,openinterpreter/open-interpreter,openinterpreter,63124,5481,Python,2023-07-14 07:10:44,2026-04-15 06:29:14,https://github.com/openinterpreter/open-interpreter
979115477,deer-flow,bytedance/deer-flow,bytedance,61633,7929,Python,2025-05-07 02:50:19,2026-04-15 07:08:59,https://github.com/bytedance/deer-flow
725205304,unsloth,unslothai/unsloth,unslothai,61579,5335,Python,2023-11-29 16:50:09,2026-04-15 06:45:09,https://github.com/unslothai/unsloth
529502,scrapy,scrapy/scrapy,scrapy,61329,11471,Python,2010-02-22 02:01:14,2026-04-15 07:11:41,https://github.com/scrapy/scrapy
222751131,30-Days-Of-Python,Asabeneh/30-Days-Of-Python,Asabeneh,61102,11625,Python,2019-11-19 17:24:16,2026-04-15 06:48:34,https://github.com/Asabeneh/30-Days-Of-Python
74627617,openpilot,commaai/openpilot,commaai,60622,10818,Python,2016-11-24 01:33:30,2026-04-15 07:10:05,https://github.com/commaai/openpilot
765083837,MinerU,opendatalab/MinerU,opendatalab,59915,5006,Python,2024-02-29 08:52:34,2026-04-15 07:01:24,https://github.com/opendatalab/MinerU
188660663,Real-Time-Voice-Cloning,CorentinJ/Real-Time-Voice-Cloning,CorentinJ,59627,9404,Python,2019-05-26 08:56:15,2026-04-15 07:00:00,https://github.com/CorentinJ/Real-Time-Voice-Cloning
601538369,llama,meta-llama/llama,meta-llama,59331,9829,Python,2023-02-14 09:29:12,2026-04-15 06:58:25,https://github.com/meta-llama/llama
254832799,hackingtool,Z4nzu/hackingtool,Z4nzu,58125,6478,Python,2020-04-11 09:21:31,2026-04-15 07:04:41,https://github.com/Z4nzu/hackingtool
826168160,docling,docling-project/docling,docling-project,57865,3964,Python,2024-07-09 07:50:26,2026-04-15 07:05:39,https://github.com/docling-project/docling
264818686,yolov5,ultralytics/yolov5,ultralytics,57208,17466,Python,2020-05-18 03:45:11,2026-04-15 06:43:02,https://github.com/ultralytics/yolov5
635240594,private-gpt,zylon-ai/private-gpt,zylon-ai,57199,7605,Python,2023-05-02 09:15:31,2026-04-15 03:56:49,https://github.com/zylon-ai/private-gpt
680120071,autogen,microsoft/autogen,microsoft,57096,8594,Python,2023-08-18 11:43:45,2026-04-15 06:51:00,https://github.com/microsoft/autogen
5483330,you-get,soimort/you-get,soimort,56820,9763,Python,2012-08-20 15:53:36,2026-04-14 13:55:10,https://github.com/soimort/you-get
582822129,nanoGPT,karpathy/nanoGPT,karpathy,56685,9697,Python,2022-12-28 00:51:12,2026-04-15 07:03:13,https://github.com/karpathy/nanoGPT
743230067,GPT-SoVITS,RVC-Boss/GPT-SoVITS,RVC-Boss,56683,6186,Python,2024-01-14 18:05:21,2026-04-15 06:55:53,https://github.com/RVC-Boss/GPT-SoVITS
83844720,face_recognition,ageitgey/face_recognition,ageitgey,56296,13720,Python,2017-03-03 21:52:39,2026-04-15 06:37:57,https://github.com/ageitgey/face_recognition
220809393,rich,Textualize/rich,Textualize,56082,2098,Python,2019-11-10 15:28:09,2026-04-15 06:30:41,https://github.com/Textualize/rich
535360445,ultralytics,ultralytics/ultralytics,ultralytics,55928,10765,Python,2022-09-11 16:39:45,2026-04-15 07:10:29,https://github.com/ultralytics/ultralytics
943934999,OpenManus,FoundationAgents/OpenManus,FoundationAgents,55768,9735,Python,2025-03-06 14:08:14,2026-04-15 03:34:59,https://github.com/FoundationAgents/OpenManus
770153867,MoneyPrinterTurbo,harry0703/MoneyPrinterTurbo,harry0703,55715,7975,Python,2024-03-11 02:57:34,2026-04-15 06:56:12,https://github.com/harry0703/MoneyPrinterTurbo
634224458,gpt-engineer,AntonOsika/gpt-engineer,AntonOsika,55210,7313,Python,2023-04-29 12:52:15,2026-04-14 22:50:31,https://github.com/AntonOsika/gpt-engineer
1104332987,MiroFish,666ghj/MiroFish,666ghj,55167,8326,Python,2025-11-26 04:23:02,2026-04-15 07:10:36,https://github.com/666ghj/MiroFish
114747226,faceswap,deepfakes/faceswap,deepfakes,55161,13409,Python,2017-12-19 09:44:13,2026-04-15 06:25:14,https://github.com/deepfakes/faceswap
896144595,ai-hedge-fund,virattt/ai-hedge-fund,virattt,54457,9447,Python,2024-11-29 16:30:01,2026-04-15 07:12:21,https://github.com/virattt/ai-hedge-fund
1362490,requests,psf/requests,psf,53894,9837,Python,2011-02-13 18:38:17,2026-04-15 04:31:54,https://github.com/psf/requests
1078079172,awesome-claude-skills,ComposioHQ/awesome-claude-skills,ComposioHQ,53882,5779,Python,2025-10-17 07:15:01,2026-04-15 07:10:33,https://github.com/ComposioHQ/awesome-claude-skills
983345476,n8n-workflows,Zie619/n8n-workflows,Zie619,53759,7004,Python,2025-05-14 08:43:59,2026-04-15 06:18:38,https://github.com/Zie619/n8n-workflows
656099147,mem0,mem0ai/mem0,mem0ai,53076,5957,Python,2023-06-20 08:58:36,2026-04-15 07:07:07,https://github.com/mem0ai/mem0
1075431749,nanochat,karpathy/nanochat,karpathy,51873,6895,Python,2025-10-13 13:46:35,2026-04-15 06:54:16,https://github.com/karpathy/nanochat
974186260,TrendRadar,sansan0/TrendRadar,sansan0,51669,23135,Python,2025-04-28 11:42:16,2026-04-15 07:09:44,https://github.com/sansan0/TrendRadar
773286980,grok-1,xai-org/grok-1,xai-org,51519,8457,Python,2024-03-17 08:53:38,2026-04-15 06:43:41,https://github.com/xai-org/grok-1
45723377,professional-programming,charlax/professional-programming,charlax,50737,3966,Python,2015-11-07 05:07:52,2026-04-15 06:46:33,https://github.com/charlax/professional-programming
909213664,TradingAgents,TauricResearch/TradingAgents,TauricResearch,50545,9125,Python,2024-12-28 03:31:08,2026-04-15 07:08:17,https://github.com/TauricResearch/TradingAgents
19745004,odoo,odoo/odoo,odoo,50101,32092,Python,2014-05-13 15:38:58,2026-04-15 06:59:23,https://github.com/odoo/odoo
710601088,crewAI,crewAIInc/crewAI,crewAIInc,48914,6678,Python,2023-10-27 03:26:59,2026-04-15 07:00:21,https://github.com/crewAIInc/crewAI
91629816,freqtrade,freqtrade/freqtrade,freqtrade,48735,10165,Python,2017-05-17 23:48:53,2026-04-15 06:48:09,https://github.com/freqtrade/freqtrade
560704231,llama_index,run-llama/llama_index,run-llama,48602,7197,Python,2022-11-02 04:24:54,2026-04-15 07:06:54,https://github.com/run-llama/llama_index
858127,pandas,pandas-dev/pandas,pandas-dev,48506,19866,Python,2010-08-24 01:37:33,2026-04-15 06:33:17,https://github.com/pandas-dev/pandas
676676006,Fooocus,lllyasviel/Fooocus,lllyasviel,48062,7837,Python,2023-08-09 18:43:40,2026-04-15 05:07:41,https://github.com/lllyasviel/Fooocus
651517185,MediaCrawler,NanmiCoder/MediaCrawler,NanmiCoder,47892,10256,Python,2023-06-09 12:14:34,2026-04-15 07:06:46,https://github.com/NanmiCoder/MediaCrawler
40416236,big-list-of-naughty-strings,minimaxir/big-list-of-naughty-strings,minimaxir,47619,2160,Python,2015-08-08 20:57:20,2026-04-14 08:09:57,https://github.com/minimaxir/big-list-of-naughty-strings
834369920,minimind,jingyaogong/minimind,jingyaogong,46893,5824,Python,2024-07-27 04:34:12,2026-04-15 07:12:14,https://github.com/jingyaogong/minimind
580642043,textgen,oobabooga/textgen,oobabooga,46584,5936,Python,2022-12-21 04:17:37,2026-04-15 07:05:38,https://github.com/oobabooga/textgen
1201656210,mempalace,MemPalace/mempalace,MemPalace,46125,5983,Python,2026-04-05 01:12:07,2026-04-15 07:12:22,https://github.com/MemPalace/mempalace
265612440,TTS,coqui-ai/TTS,coqui-ai,45069,6037,Python,2020-05-20 15:45:28,2026-04-15 06:46:53,https://github.com/coqui-ai/TTS
33884891,airflow,apache/airflow,apache,45049,16866,Python,2015-04-13 18:04:58,2026-04-15 07:03:57,https://github.com/apache/airflow
188700274,copyparty,9001/copyparty,9001,44294,1807,Python,2019-05-26 15:28:33,2026-04-15 07:00:55,https://github.com/9001/copyparty
204086862,streamlit,streamlit/streamlit,streamlit,44222,4197,Python,2019-08-24 00:14:52,2026-04-15 06:43:44,https://github.com/streamlit/streamlit
266417772,Summer2026-Internships,SimplifyJobs/Summer2026-Internships,SimplifyJobs,44182,3170,Python,2020-05-23 20:53:18,2026-04-15 07:01:30,https://github.com/SimplifyJobs/Summer2026-Internships
819554665,exo,exo-explore/exo,exo-explore,43605,3023,Python,2024-06-24 18:36:22,2026-04-15 07:01:02,https://github.com/exo-explore/exo
873328,sentry,getsentry/sentry,getsentry,43584,4660,Python,2010-08-30 22:06:41,2026-04-15 06:24:06,https://github.com/getsentry/sentry
638629097,aider,Aider-AI/aider,Aider-AI,43360,4205,Python,2023-05-09 18:57:49,2026-04-15 06:57:54,https://github.com/Aider-AI/aider
671269505,litellm,BerriAI/litellm,BerriAI,43344,7251,Python,2023-07-27 00:09:52,2026-04-15 07:12:05,https://github.com/BerriAI/litellm
474839179,Umi-OCR,hiroi-sora/Umi-OCR,hiroi-sora,43310,4285,Python,2022-03-28 04:01:46,2026-04-15 06:55:07,https://github.com/hiroi-sora/Umi-OCR
522158088,CowAgent,zhayujie/CowAgent,zhayujie,43213,9919,Python,2022-08-07 08:33:41,2026-04-15 07:08:24,https://github.com/zhayujie/CowAgent
519832,mitmproxy,mitmproxy/mitmproxy,mitmproxy,43096,4515,Python,2010-02-16 04:10:13,2026-04-15 06:33:08,https://github.com/mitmproxy/mitmproxy
4578002,python-patterns,faif/python-patterns,faif,42703,7036,Python,2012-06-06 21:02:35,2026-04-15 00:11:47,https://github.com/faif/python-patterns
162405963,gradio,gradio-app/gradio,gradio-app,42332,3389,Python,2018-12-19 08:24:04,2026-04-15 07:10:16,https://github.com/gradio-app/gradio
237791077,diagrams,mingrammer/diagrams,mingrammer,42186,2719,Python,2020-02-02 15:23:24,2026-04-15 06:43:19,https://github.com/mingrammer/diagrams
83119431,ailearning,apachecn/ailearning,apachecn,42179,11572,Python,2017-02-25 08:53:02,2026-04-15 03:28:00,https://github.com/apachecn/ailearning
71932349,ray,ray-project/ray,ray-project,42125,7441,Python,2016-10-25 19:38:30,2026-04-15 04:24:26,https://github.com/ray-project/ray
235860204,DeepSpeed,deepspeedai/DeepSpeed,deepspeedai,42109,4795,Python,2020-01-23 18:35:18,2026-04-15 06:28:51,https://github.com/deepspeedai/DeepSpeed
91253698,ccxt,ccxt/ccxt,ccxt,41910,8617,Python,2017-05-14 15:41:56,2026-04-15 06:48:08,https://github.com/ccxt/ccxt
125266328,black,psf/black,psf,41467,2755,Python,2018-03-14 19:54:45,2026-04-15 06:50:55,https://github.com/psf/black
422274596,ColossalAI,hpcaitech/ColossalAI,hpcaitech,41365,4516,Python,2021-10-28 16:19:44,2026-04-15 06:53:30,https://github.com/hpcaitech/ColossalAI
90563585,cheat.sh,chubin/cheat.sh,chubin,41220,1908,Python,2017-05-07 21:40:56,2026-04-15 07:11:39,https://github.com/chubin/cheat.sh
613349035,ChatGLM-6B,zai-org/ChatGLM-6B,zai-org,41164,5182,Python,2023-03-13 12:00:18,2026-04-15 06:40:52,https://github.com/zai-org/ChatGLM-6B
287463830,qlib,microsoft/qlib,microsoft,40738,6413,Python,2020-08-14 06:46:00,2026-04-15 06:44:13,https://github.com/microsoft/qlib
822604462,BettaFish,666ghj/BettaFish,666ghj,40421,7510,Python,2024-07-01 13:11:38,2026-04-15 07:10:18,https://github.com/666ghj/BettaFish
154747577,bert,google-research/bert,google-research,39981,9707,Python,2018-10-25 22:57:34,2026-04-14 16:25:54,https://github.com/google-research/bert
1044296738,VibeVoice,microsoft/VibeVoice,microsoft,39594,4603,Python,2025-08-25 13:24:01,2026-04-15 07:10:09,https://github.com/microsoft/VibeVoice
1147094660,nanobot,HKUDS/nanobot,HKUDS,39567,6931,Python,2026-02-01 07:16:15,2026-04-15 07:11:57,https://github.com/HKUDS/nanobot
70905478,Deep-Learning-Papers-Reading-Roadmap,floodsung/Deep-Learning-Papers-Reading-Roadmap,floodsung,39482,7307,Python,2016-10-14 11:49:48,2026-04-14 18:52:09,https://github.com/floodsung/Deep-Learning-Papers-Reading-Roadmap
615882673,FastChat,lm-sys/FastChat,lm-sys,39451,4799,Python,2023-03-19 00:18:02,2026-04-15 06:23:25,https://github.com/lm-sys/FastChat
488641606,agno,agno-agi/agno,agno-agi,39441,5253,Python,2022-05-04 15:23:02,2026-04-15 06:54:03,https://github.com/agno-agi/agno
31522041,vnpy,vnpy/vnpy,vnpy,39369,11426,Python,2015-03-02 03:36:58,2026-04-15 07:00:38,https://github.com/vnpy/vnpy
640079149,quivr,QuivrHQ/quivr,QuivrHQ,39099,3748,Python,2023-05-12 23:53:30,2026-04-15 02:21:41,https://github.com/QuivrHQ/quivr
806709826,ChatTTS,2noise/ChatTTS,2noise,39082,4240,Python,2024-05-27 18:26:49,2026-04-15 06:55:37,https://github.com/2noise/ChatTTS
143328315,mindsdb,mindsdb/mindsdb,mindsdb,38983,6188,Python,2018-08-02 17:56:45,2026-04-15 06:50:10,https://github.com/mindsdb/mindsdb
969302809,awesome-claude-code,hesreallyhim/awesome-claude-code,hesreallyhim,38796,3185,Python,2025-04-19 20:55:59,2026-04-15 07:10:10,https://github.com/hesreallyhim/awesome-claude-code
118861276,python-cheatsheet,gto76/python-cheatsheet,gto76,38342,6717,Python,2018-01-25 04:16:53,2026-04-14 23:31:11,https://github.com/gto76/python-cheatsheet
838253246,BitNet,microsoft/BitNet,microsoft,38277,3437,Python,2024-08-05 09:07:38,2026-04-15 07:10:34,https://github.com/microsoft/BitNet
458648791,paperless-ngx,paperless-ngx/paperless-ngx,paperless-ngx,38099,2424,Python,2022-02-12 21:56:52,2026-04-15 07:09:04,https://github.com/paperless-ngx/paperless-ngx
571613891,supervision,roboflow/supervision,roboflow,38035,3357,Python,2022-11-28 14:08:44,2026-04-15 07:10:17,https://github.com/roboflow/supervision
3544424,cli,httpie/cli,httpie,37928,3895,Python,2012-02-25 12:39:13,2026-04-15 03:49:45,https://github.com/httpie/cli
621799276,Langchain-Chatchat,chatchat-space/Langchain-Chatchat,chatchat-space,37831,6193,Python,2023-03-31 12:12:45,2026-04-15 07:11:42,https://github.com/chatchat-space/Langchain-Chatchat
265122478,manim,ManimCommunity/manim,ManimCommunity,37786,2779,Python,2020-05-19 02:37:13,2026-04-15 06:13:30,https://github.com/ManimCommunity/manim
349321229,GFPGAN,TencentARC/GFPGAN,TencentARC,37425,6279,Python,2021-03-19 06:18:20,2026-04-15 03:30:36,https://github.com/TencentARC/GFPGAN
577603990,Open-Assistant,LAION-AI/Open-Assistant,LAION-AI,37419,3293,Python,2022-12-13 05:24:17,2026-04-15 07:02:40,https://github.com/LAION-AI/Open-Assistant
631567741,GPT_API_free,chatanywhere/GPT_API_free,chatanywhere,37317,2596,Python,2023-04-23 12:42:08,2026-04-15 07:01:38,https://github.com/chatanywhere/GPT_API_free
191113739,interview_internal_reference,0voice/interview_internal_reference,0voice,37216,9403,Python,2019-06-10 06:54:19,2026-04-15 06:29:59,https://github.com/0voice/interview_internal_reference
57222302,gym,openai/gym,openai,37162,8704,Python,2016-04-27 14:59:16,2026-04-15 04:18:30,https://github.com/openai/gym
4793392,sqlmap,sqlmapproject/sqlmap,sqlmapproject,37063,6237,Python,2012-06-26 09:52:15,2026-04-15 03:50:08,https://github.com/sqlmapproject/sqlmap
872119017,Scrapling,D4Vinci/Scrapling,D4Vinci,37026,3190,Python,2024-10-13 20:29:53,2026-04-15 07:11:50,https://github.com/D4Vinci/Scrapling
101684374,wtfpython,satwikkansal/wtfpython,satwikkansal,36919,2666,Python,2017-08-28 20:22:19,2026-04-15 05:38:14,https://github.com/satwikkansal/wtfpython
393571599,MockingBird,babysor/MockingBird,babysor,36902,5229,Python,2021-08-07 03:53:39,2026-04-14 11:12:41,https://github.com/babysor/MockingBird
1052050442,hello-agents,datawhalechina/hello-agents,datawhalechina,36798,4349,Python,2025-09-07 09:50:24,2026-04-15 07:11:41,https://github.com/datawhalechina/hello-agents
168799526,pytorch-image-models,huggingface/pytorch-image-models,huggingface,36647,5142,Python,2019-02-02 05:51:12,2026-04-15 00:48:32,https://github.com/huggingface/pytorch-image-models
24976755,HanLP,hankcs/HanLP,hankcs,36254,10897,Python,2014-10-09 06:36:16,2026-04-15 06:58:24,https://github.com/hankcs/HanLP
725089041,OpenVoice,myshell-ai/OpenVoice,myshell-ai,36229,4032,Python,2023-11-29 12:17:01,2026-04-15 06:47:00,https://github.com/myshell-ai/OpenVoice
642323624,DragGAN,XingangPan/DragGAN,XingangPan,35904,3432,Python,2023-05-18 10:08:02,2026-04-15 03:50:14,https://github.com/XingangPan/DragGAN
1016323751,langextract,google/langextract,google,35648,2424,Python,2025-07-08 20:46:06,2026-04-15 06:28:24,https://github.com/google/langextract
355959597,textual,Textualize/textual,Textualize,35416,1167,Python,2021-04-08 15:24:47,2026-04-15 05:06:55,https://github.com/Textualize/textual
154739597,jax,jax-ml/jax,jax-ml,35390,3527,Python,2018-10-25 21:25:02,2026-04-15 06:47:28,https://github.com/jax-ml/jax
619521008,Retrieval-based-Voice-Conversion-WebUI,RVC-Project/Retrieval-based-Voice-Conversion-WebUI,RVC-Project,35225,4981,Python,2023-03-27 09:59:10,2026-04-15 06:38:10,https://github.com/RVC-Project/Retrieval-based-Voice-Conversion-WebUI
520969009,Hello-Python,mouredev/Hello-Python,mouredev,35167,2273,Python,2022-08-03 17:14:53,2026-04-15 05:18:26,https://github.com/mouredev/Hello-Python
387326890,Real-ESRGAN,xinntao/Real-ESRGAN,xinntao,35068,4311,Python,2021-07-19 03:23:30,2026-04-15 06:42:31,https://github.com/xinntao/Real-ESRGAN
2881789,Python,geekcomputers/Python,geekcomputers,34966,12918,Python,2011-11-30 09:04:08,2026-04-15 06:28:56,https://github.com/geekcomputers/Python
6007295,jieba,fxsjy/jieba,fxsjy,34855,6705,Python,2012-09-29 07:52:01,2026-04-14 16:49:12,https://github.com/fxsjy/jieba
206660580,detectron2,facebookresearch/detectron2,facebookresearch,34314,7925,Python,2019-09-05 21:30:20,2026-04-14 21:05:39,https://github.com/facebookresearch/detectron2
123303402,poetry,python-poetry/poetry,python-poetry,34261,2428,Python,2018-02-28 15:23:47,2026-04-15 03:56:02,https://github.com/python-poetry/poetry
608555244,TaskMatrix,chenfei-wu/TaskMatrix,chenfei-wu,34162,3239,Python,2023-03-02 09:04:28,2026-04-15 06:23:29,https://github.com/chenfei-wu/TaskMatrix
91573538,12306,testerSunshine/12306,testerSunshine,34151,9672,Python,2017-05-17 12:23:40,2026-04-15 03:54:08,https://github.com/testerSunshine/12306
396569538,khoj,khoj-ai/khoj,khoj-ai,34081,2136,Python,2021-08-16 01:48:44,2026-04-15 06:40:33,https://github.com/khoj-ai/khoj
712111618,marker,datalab-to/marker,datalab-to,33874,2341,Python,2023-10-30 20:14:08,2026-04-15 07:07:29,https://github.com/datalab-to/marker
595893961,ControlNet,lllyasviel/ControlNet,lllyasviel,33802,3008,Python,2023-02-01 02:43:30,2026-04-14 16:30:03,https://github.com/lllyasviel/ControlNet
679237742,gpt-pilot,Pythagora-io/gpt-pilot,Pythagora-io,33769,3501,Python,2023-08-16 11:56:07,2026-04-15 06:05:37,https://github.com/Pythagora-io/gpt-pilot
587050620,dspy,stanfordnlp/dspy,stanfordnlp,33702,2793,Python,2023-01-09 21:01:51,2026-04-15 05:21:49,https://github.com/stanfordnlp/dspy
1025856648,agents,wshobson/agents,wshobson,33636,3646,Python,2025-07-24 23:28:14,2026-04-15 06:55:05,https://github.com/wshobson/agents
4086616,shadowsocks,shadowsocks/shadowsocks,shadowsocks,33612,18197,Python,2012-04-20 13:10:49,2026-04-14 13:14:38,https://github.com/shadowsocks/shadowsocks
21467110,spaCy,explosion/spaCy,explosion,33469,4671,Python,2014-07-03 15:15:40,2026-04-15 01:32:55,https://github.com/explosion/spaCy
29290473,XX-Net,XX-net/XX-Net,XX-net,33434,7576,Python,2015-01-15 09:35:51,2026-04-15 02:31:51,https://github.com/XX-net/XX-Net
498011141,diffusers,huggingface/diffusers,huggingface,33332,6927,Python,2022-05-30 16:04:02,2026-04-15 04:13:56,https://github.com/huggingface/diffusers
866513204,LightRAG,HKUDS/LightRAG,HKUDS,33268,4725,Python,2024-10-02 11:57:54,2026-04-15 07:10:37,https://github.com/HKUDS/LightRAG
15333471,OCRmyPDF,ocrmypdf/OCRmyPDF,ocrmypdf,33253,2298,Python,2013-12-20 08:26:28,2026-04-15 07:02:41,https://github.com/ocrmypdf/OCRmyPDF
1134426800,antigravity-awesome-skills,sickn33/antigravity-awesome-skills,sickn33,33094,5501,Python,2026-01-14 17:48:09,2026-04-15 06:58:19,https://github.com/sickn33/antigravity-awesome-skills
853189791,PDFMathTranslate,PDFMathTranslate/PDFMathTranslate,PDFMathTranslate,33088,2983,Python,2024-09-06 06:56:03,2026-04-15 06:58:02,https://github.com/PDFMathTranslate/PDFMathTranslate
26516210,certbot,certbot/certbot,certbot,32988,3497,Python,2014-11-12 02:52:20,2026-04-14 15:57:10,https://github.com/certbot/certbot
1864233,erpnext,frappe/erpnext,frappe,32929,10926,Python,2011-06-08 08:20:56,2026-04-15 06:32:16,https://github.com/frappe/erpnext
683892956,ChatDev,OpenBMB/ChatDev,OpenBMB,32714,4061,Python,2023-08-28 02:18:13,2026-04-15 06:34:01,https://github.com/OpenBMB/ChatDev
145670234,mmdetection,open-mmlab/mmdetection,open-mmlab,32595,9842,Python,2018-08-22 07:06:06,2026-04-15 00:06:22,https://github.com/open-mmlab/mmdetection
235901813,posthog,PostHog/posthog,PostHog,32593,2524,Python,2020-01-23 22:46:58,2026-04-15 07:00:59,https://github.com/PostHog/posthog
28751632,linux-insides,0xAX/linux-insides,0xAX,32476,3522,Python,2015-01-03 18:44:57,2026-04-15 06:16:07,https://github.com/0xAX/linux-insides
305144746,tinygrad,tinygrad/tinygrad,tinygrad,32408,4056,Python,2020-10-18 16:23:12,2026-04-15 05:33:50,https://github.com/tinygrad/tinygrad
71056775,kitty,kovidgoyal/kitty,kovidgoyal,32400,1348,Python,2016-10-16 14:48:28,2026-04-15 07:07:50,https://github.com/kovidgoyal/kitty
84533158,pytorch-tutorial,yunjey/pytorch-tutorial,yunjey,32269,8254,Python,2017-03-10 07:41:47,2026-04-15 07:05:47,https://github.com/yunjey/pytorch-tutorial
2909429,glances,nicolargo/glances,nicolargo,32251,1717,Python,2011-12-04 08:49:15,2026-04-15 06:13:22,https://github.com/nicolargo/glances
778431525,graphrag,microsoft/graphrag,microsoft,32235,3396,Python,2024-03-27 17:57:52,2026-04-15 07:06:44,https://github.com/microsoft/graphrag
101782647,fairseq,facebookresearch/fairseq,facebookresearch,32200,6676,Python,2017-08-29 16:26:12,2026-04-15 01:14:59,https://github.com/facebookresearch/fairseq
908607,numpy,numpy/numpy,numpy,31852,12305,Python,2010-09-13 23:02:39,2026-04-15 04:11:41,https://github.com/numpy/numpy
162723104,CheatSheetSeries,OWASP/CheatSheetSeries,OWASP,31776,4430,Python,2018-12-21 14:26:43,2026-04-15 06:53:38,https://github.com/OWASP/CheatSheetSeries
34757182,interactive-coding-challenges,donnemartin/interactive-coding-challenges,donnemartin,31332,4639,Python,2015-04-28 21:36:39,2026-04-15 05:57:18,https://github.com/donnemartin/interactive-coding-challenges
80990461,ML-From-Scratch,eriklindernoren/ML-From-Scratch,eriklindernoren,31295,5251,Python,2017-02-05 12:11:23,2026-04-15 04:10:44,https://github.com/eriklindernoren/ML-From-Scratch
333483116,changedetection.io,dgtlmoon/changedetection.io,dgtlmoon,31142,1758,Python,2021-01-27 16:03:30,2026-04-15 06:31:34,https://github.com/dgtlmoon/changedetection.io
36804486,tqdm,tqdm/tqdm,tqdm,31114,1440,Python,2015-06-03 13:13:14,2026-04-14 13:38:24,https://github.com/tqdm/tqdm
178626720,pytorch-lightning,Lightning-AI/pytorch-lightning,Lightning-AI,31046,3706,Python,2019-03-31 00:45:57,2026-04-15 01:15:03,https://github.com/Lightning-AI/pytorch-lightning
1176011916,CLI-Anything,HKUDS/CLI-Anything,HKUDS,30757,2964,Python,2026-03-08 13:52:57,2026-04-15 07:08:47,https://github.com/HKUDS/CLI-Anything
321659062,DeepFaceLive,iperov/DeepFaceLive,iperov,30744,1204,Python,2020-12-15 12:19:22,2026-04-15 03:28:49,https://github.com/iperov/DeepFaceLive
1201173969,caveman,JuliusBrussee/caveman,JuliusBrussee,30617,1444,Python,2026-04-04 10:03:00,2026-04-15 07:12:40,https://github.com/JuliusBrussee/caveman
307213173,openai-python,openai/openai-python,openai,30512,4717,Python,2020-10-25 23:23:54,2026-04-15 06:29:23,https://github.com/openai/openai-python
646480766,roop,s0md3v/roop,s0md3v,30493,6895,Python,2023-05-28 14:37:54,2026-04-14 20:57:06,https://github.com/s0md3v/roop
21484781,jumpserver,jumpserver/jumpserver,jumpserver,30295,5694,Python,2014-07-04 03:54:59,2026-04-15 03:31:46,https://github.com/jumpserver/jumpserver
612427246,stanford_alpaca,tatsu-lab/stanford_alpaca,tatsu-lab,30260,4001,Python,2023-03-10 23:33:09,2026-04-15 07:01:42,https://github.com/tatsu-lab/stanford_alpaca
58842707,algo,trailofbits/algo,trailofbits,30239,2362,Python,2016-05-15 03:42:48,2026-04-15 06:55:46,https://github.com/trailofbits/algo
4008931,hosts,StevenBlack/hosts,StevenBlack,30204,2400,Python,2012-04-12 20:22:50,2026-04-15 05:25:04,https://github.com/StevenBlack/hosts
575865240,AstrBot,AstrBotDevs/AstrBot,AstrBotDevs,29985,2022,Python,2022-12-08 13:27:46,2026-04-15 07:04:52,https://github.com/AstrBotDevs/AstrBot
1431547,django-rest-framework,encode/django-rest-framework,encode,29970,7066,Python,2011-03-02 17:13:56,2026-04-15 06:47:53,https://github.com/encode/django-rest-framework
1131513930,daily_stock_analysis,ZhuLinsen/daily_stock_analysis,ZhuLinsen,29934,30650,Python,2026-01-10 06:43:20,2026-04-15 07:05:49,https://github.com/ZhuLinsen/daily_stock_analysis
1000362065,awesome-copilot,github/awesome-copilot,github,29731,3512,Python,2025-06-11 16:57:39,2026-04-15 07:10:54,https://github.com/github/awesome-copilot
702796244,fish-speech,fishaudio/fish-speech,fishaudio,29663,2498,Python,2023-10-10 03:16:51,2026-04-15 06:37:29,https://github.com/fishaudio/fish-speech
837911756,Jobs_Applier_AI_Agent_AIHawk,feder-cr/Jobs_Applier_AI_Agent_AIHawk,feder-cr,29662,4520,Python,2024-08-04 12:15:06,2026-04-15 03:06:42,https://github.com/feder-cr/Jobs_Applier_AI_Agent_AIHawk
756289095,MoneyPrinterV2,FujiwaraChoki/MoneyPrinterV2,FujiwaraChoki,29594,3174,Python,2024-02-12 11:20:42,2026-04-15 06:33:40,https://github.com/FujiwaraChoki/MoneyPrinterV2
48623558,wttr.in,chubin/wttr.in,chubin,29336,1223,Python,2015-12-26 21:03:43,2026-04-15 06:10:42,https://github.com/chubin/wttr.in
247266215,EasyOCR,JaidedAI/EasyOCR,JaidedAI,29300,3554,Python,2020-03-14 11:46:39,2026-04-15 04:09:08,https://github.com/JaidedAI/EasyOCR
676672661,langgraph,langchain-ai/langgraph,langchain-ai,29299,5021,Python,2023-08-09 18:33:12,2026-04-15 07:05:12,https://github.com/langchain-ai/langgraph
772699441,llama3,meta-llama/llama3,meta-llama,29289,3530,Python,2024-03-15 17:57:00,2026-04-15 02:16:50,https://github.com/meta-llama/llama3
54376220,PythonRobotics,AtsushiSakai/PythonRobotics,AtsushiSakai,29162,7248,Python,2016-03-21 09:34:43,2026-04-15 00:38:54,https://github.com/AtsushiSakai/PythonRobotics
38696925,python-telegram-bot,python-telegram-bot/python-telegram-bot,python-telegram-bot,29024,6019,Python,2015-07-07 15:30:39,2026-04-15 05:20:45,https://github.com/python-telegram-bot/python-telegram-bot
369178935,mihomo,MetaCubeX/mihomo,MetaCubeX,29000,3886,Python,2021-05-20 11:06:33,2026-04-15 06:49:36,https://github.com/MetaCubeX/mihomo
29749635,data-science-ipython-notebooks,donnemartin/data-science-ipython-notebooks,donnemartin,29000,8029,Python,2015-01-23 19:38:29,2026-04-15 05:27:49,https://github.com/donnemartin/data-science-ipython-notebooks
760231710,Open-Sora,hpcaitech/Open-Sora,hpcaitech,28873,2929,Python,2024-02-20 03:01:34,2026-04-15 07:04:15,https://github.com/hpcaitech/Open-Sora
196760810,linkedin-skill-assessments-quizzes,Ebazhanov/linkedin-skill-assessments-quizzes,Ebazhanov,28712,13028,Python,2019-07-13 19:52:56,2026-04-15 00:34:10,https://github.com/Ebazhanov/linkedin-skill-assessments-quizzes
152166877,d2l-en,d2l-ai/d2l-en,d2l-ai,28620,5022,Python,2018-10-09 01:04:37,2026-04-15 05:06:30,https://github.com/d2l-ai/d2l-en
712225112,Genesis,Genesis-Embodied-AI/Genesis,Genesis-Embodied-AI,28501,2670,Python,2023-10-31 03:33:11,2026-04-15 06:25:05,https://github.com/Genesis-Embodied-AI/Genesis
263556058,GitHub520,521xueweihan/GitHub520,521xueweihan,28452,2682,Python,2020-05-13 07:25:21,2026-04-15 06:45:44,https://github.com/521xueweihan/GitHub520
102057483,insightface,deepinsight/insightface,deepinsight,28418,5984,Python,2017-09-01 00:36:51,2026-04-15 02:29:06,https://github.com/deepinsight/insightface
357241735,searxng,searxng/searxng,searxng,28399,2754,Python,2021-04-12 15:18:15,2026-04-15 07:03:25,https://github.com/searxng/searxng
184460,celery,celery/celery,celery,28359,5008,Python,2009-04-24 11:31:24,2026-04-15 06:37:07,https://github.com/celery/celery
13926404,redash,getredash/redash,getredash,28355,4570,Python,2013-10-28 13:19:39,2026-04-15 06:42:32,https://github.com/getredash/redash
557075997,reflex,reflex-dev/reflex,reflex-dev,28290,1706,Python,2022-10-25 03:08:48,2026-04-14 22:57:26,https://github.com/reflex-dev/reflex
211124697,spleeter,deezer/spleeter,deezer,28168,3065,Python,2019-09-26 15:40:46,2026-04-14 15:34:18,https://github.com/deezer/spleeter
82729529,python-fire,google/python-fire,google,28167,1477,Python,2017-02-21 21:35:07,2026-04-15 02:41:21,https://github.com/google/python-fire
776854298,storm,stanford-oval/storm,stanford-oval,28083,2557,Python,2024-03-24 16:23:39,2026-04-15 03:45:50,https://github.com/stanford-oval/storm
612139233,so-vits-svc,svc-develop-team/so-vits-svc,svc-develop-team,28039,5073,Python,2023-03-10 09:31:09,2026-04-15 04:53:37,https://github.com/svc-develop-team/so-vits-svc
573819845,ChatGPT,acheong08/ChatGPT,acheong08,27946,4392,Python,2022-12-03 14:35:24,2026-04-15 07:03:00,https://github.com/acheong08/ChatGPT
1377867,locust,locustio/locust,locustio,27710,3199,Python,2011-02-17 11:08:03,2026-04-15 06:02:07,https://github.com/locustio/locust
196284711,cascadia-code,microsoft/cascadia-code,microsoft,27630,842,Python,2019-07-10 22:50:20,2026-04-15 02:38:47,https://github.com/microsoft/cascadia-code
679869950,facefusion,facefusion/facefusion,facefusion,27524,4432,Python,2023-08-17 19:59:55,2026-04-15 05:55:01,https://github.com/facefusion/facefusion
90194616,pydantic,pydantic/pydantic,pydantic,27476,2540,Python,2017-05-03 21:23:58,2026-04-15 07:07:30,https://github.com/pydantic/pydantic
90356372,ArchiveBox,ArchiveBox/ArchiveBox,ArchiveBox,27236,1504,Python,2017-05-05 08:50:14,2026-04-15 05:55:16,https://github.com/ArchiveBox/ArchiveBox
633262635,onyx,onyx-dot-app/onyx,onyx-dot-app,27127,3601,Python,2023-04-27 06:04:01,2026-04-15 07:06:18,https://github.com/onyx-dot-app/onyx
752925682,Qwen3,QwenLM/Qwen3,QwenLM,27103,1973,Python,2024-02-05 05:45:08,2026-04-15 06:25:55,https://github.com/QwenLM/Qwen3
656933936,generative-models,Stability-AI/generative-models,Stability-AI,27090,3070,Python,2023-06-22 00:36:35,2026-04-15 03:53:40,https://github.com/Stability-AI/generative-models
1200597263,graphify,safishamsi/graphify,safishamsi,26718,2879,Python,2026-04-03 15:49:07,2026-04-15 07:11:57,https://github.com/safishamsi/graphify
898968194,smolagents,huggingface/smolagents,huggingface,26617,2481,Python,2024-12-05 11:28:04,2026-04-15 07:00:50,https://github.com/huggingface/smolagents
49935814,ItChat,littlecodersh/ItChat,littlecodersh,26554,5643,Python,2016-01-19 07:49:48,2026-04-14 03:20:18,https://github.com/littlecodersh/ItChat
50617428,mkdocs-material,squidfunk/mkdocs-material,squidfunk,26533,4069,Python,2016-01-28 22:09:23,2026-04-15 03:26:38,https://github.com/squidfunk/mkdocs-material
1092047360,claude-howto,luongnv89/claude-howto,luongnv89,26494,3224,Python,2025-11-07 22:59:34,2026-04-15 07:10:12,https://github.com/luongnv89/claude-howto
639835356,gpt-researcher,assafelovic/gpt-researcher,assafelovic,26460,3527,Python,2023-05-12 10:33:54,2026-04-15 06:23:04,https://github.com/assafelovic/gpt-researcher
105919803,Detectron,facebookresearch/Detectron,facebookresearch,26395,5402,Python,2017-10-05 17:32:00,2026-04-14 06:46:20,https://github.com/facebookresearch/Detectron
37347459,ungoogled-chromium,ungoogled-software/ungoogled-chromium,ungoogled-software,26254,1142,Python,2015-06-12 22:24:24,2026-04-15 05:44:52,https://github.com/ungoogled-software/ungoogled-chromium
221723816,deep-learning-for-image-processing,WZMIAOMIAO/deep-learning-for-image-processing,WZMIAOMIAO,26201,8243,Python,2019-11-14 15:02:27,2026-04-15 04:29:27,https://github.com/WZMIAOMIAO/deep-learning-for-image-processing
4037197,YouCompleteMe,ycm-core/YouCompleteMe,ycm-core,26054,2764,Python,2012-04-16 03:12:14,2026-04-15 00:36:32,https://github.com/ycm-core/YouCompleteMe
921777121,open-r1,huggingface/open-r1,huggingface,25988,2414,Python,2025-01-24 15:44:11,2026-04-15 02:43:49,https://github.com/huggingface/open-r1
935604638,agenticSeek,Fosowl/agenticSeek,Fosowl,25920,2901,Python,2025-02-19 18:03:06,2026-04-15 01:49:58,https://github.com/Fosowl/agenticSeek
740303686,sglang,sgl-project/sglang,sgl-project,25831,5354,Python,2024-01-08 04:15:52,2026-04-15 07:12:49,https://github.com/sgl-project/sglang
628419800,MiniGPT-4,Vision-CAIR/MiniGPT-4,Vision-CAIR,25740,2906,Python,2023-04-15 22:17:09,2026-04-14 16:25:42,https://github.com/Vision-CAIR/MiniGPT-4
107595270,Mask_RCNN,matterport/Mask_RCNN,matterport,25544,11680,Python,2017-10-19 20:28:34,2026-04-15 02:41:18,https://github.com/matterport/Mask_RCNN
74073233,algorithms,keon/algorithms,keon,25417,4730,Python,2016-11-17 22:32:08,2026-04-15 03:50:19,https://github.com/keon/algorithms
836642963,flux,black-forest-labs/flux,black-forest-labs,25405,1877,Python,2024-08-01 09:04:19,2026-04-14 20:48:39,https://github.com/black-forest-labs/flux
136202695,mlflow,mlflow/mlflow,mlflow,25373,5575,Python,2018-06-05 16:05:58,2026-04-15 06:15:03,https://github.com/mlflow/mlflow
777111718,kotaemon,Cinnamon/kotaemon,Cinnamon,25278,2116,Python,2024-03-25 08:16:42,2026-04-15 03:49:59,https://github.com/Cinnamon/kotaemon
958531089,PageIndex,VectifyAI/PageIndex,VectifyAI,25243,2140,Python,2025-04-01 10:53:54,2026-04-15 07:12:46,https://github.com/VectifyAI/PageIndex
479451389,maple-font,subframe7536/maple-font,subframe7536,25219,1009,Python,2022-04-08 15:51:22,2026-04-15 06:40:11,https://github.com/subframe7536/maple-font
79510167,pipenv,pypa/pipenv,pypa,25086,1878,Python,2017-01-20 00:44:02,2026-04-14 18:53:48,https://github.com/pypa/pipenv
88612945,pytorch-CycleGAN-and-pix2pix,junyanz/pytorch-CycleGAN-and-pix2pix,junyanz,25079,6575,Python,2017-04-18 10:33:05,2026-04-14 16:27:54,https://github.com/junyanz/pytorch-CycleGAN-and-pix2pix
300996055,vit-pytorch,lucidrains/vit-pytorch,lucidrains,25054,3485,Python,2020-10-03 22:47:24,2026-04-15 05:13:11,https://github.com/lucidrains/vit-pytorch
43160685,zulip,zulip/zulip,zulip,25023,9781,Python,2015-09-25 16:37:25,2026-04-15 01:55:18,https://github.com/zulip/zulip
840056306,graphiti,getzep/graphiti,getzep,24937,2473,Python,2024-08-08 22:08:30,2026-04-15 07:00:45,https://github.com/getzep/graphiti
1112189620,Open-AutoGLM,zai-org/Open-AutoGLM,zai-org,24921,3921,Python,2025-12-08 09:23:44,2026-04-15 06:23:15,https://github.com/zai-org/Open-AutoGLM
42625970,labelImg,HumanSignal/labelImg,HumanSignal,24896,6573,Python,2015-09-17 01:33:59,2026-04-15 04:44:22,https://github.com/HumanSignal/labelImg
11407242,cookiecutter,cookiecutter/cookiecutter,cookiecutter,24810,2222,Python,2013-07-14 18:31:22,2026-04-15 06:29:08,https://github.com/cookiecutter/cookiecutter
170067246,gpt-2,openai/gpt-2,openai,24767,5872,Python,2019-02-11 04:21:59,2026-04-15 03:28:18,https://github.com/openai/gpt-2
629102662,LLaVA,haotian-liu/LLaVA,haotian-liu,24681,2760,Python,2023-04-17 16:13:11,2026-04-15 06:29:52,https://github.com/haotian-liu/LLaVA
621118467,JARVIS,microsoft/JARVIS,microsoft,24642,2100,Python,2023-03-30 02:57:12,2026-04-15 06:48:10,https://github.com/microsoft/JARVIS
10332822,calibre,kovidgoyal/calibre,kovidgoyal,24619,2588,Python,2013-05-28 10:03:23,2026-04-15 06:43:43,https://github.com/kovidgoyal/calibre
1013480284,claude-code-templates,davila7/claude-code-templates,davila7,24603,2434,Python,2025-07-04 01:26:26,2026-04-15 06:42:53,https://github.com/davila7/claude-code-templates
896296825,fastmcp,PrefectHQ/fastmcp,PrefectHQ,24541,1929,Python,2024-11-30 01:47:40,2026-04-15 05:03:57,https://github.com/PrefectHQ/fastmcp
62743585,spotify-downloader,spotDL/spotify-downloader,spotDL,24481,2113,Python,2016-07-06 18:19:20,2026-04-15 05:39:53,https://github.com/spotDL/spotify-downloader
749647889,MiniCPM-o,OpenBMB/MiniCPM-o,OpenBMB,24361,1902,Python,2024-01-29 05:30:33,2026-04-15 04:38:23,https://github.com/OpenBMB/MiniCPM-o
971241545,chatterbox,resemble-ai/chatterbox,resemble-ai,24308,3241,Python,2025-04-23 08:16:38,2026-04-15 05:52:37,https://github.com/resemble-ai/chatterbox
281229404,ultimatevocalremovergui,Anjok07/ultimatevocalremovergui,Anjok07,24280,1821,Python,2020-07-20 21:29:01,2026-04-15 07:01:04,https://github.com/Anjok07/ultimatevocalremovergui
33702544,dash,plotly/dash,plotly,24205,2274,Python,2015-04-10 01:53:08,2026-04-15 04:07:08,https://github.com/plotly/dash
288108533,minGPT,karpathy/minGPT,karpathy,24148,3211,Python,2020-08-17 07:08:48,2026-04-15 05:58:18,https://github.com/karpathy/minGPT
1008857871,TradingAgents-CN,hsliuping/TradingAgents-CN,hsliuping,24063,5056,Python,2025-06-26 07:45:09,2026-04-15 07:08:00,https://github.com/hsliuping/TradingAgents-CN
66424871,examples,pytorch/examples,pytorch,23841,9818,Python,2016-08-24 03:12:48,2026-04-15 01:59:04,https://github.com/pytorch/examples
1032808806,strix,usestrix/strix,usestrix,23830,2621,Python,2025-08-05 21:28:30,2026-04-15 07:10:40,https://github.com/usestrix/strix
100401612,loguru,Delgan/loguru,Delgan,23807,784,Python,2017-08-15 17:22:32,2026-04-14 23:29:33,https://github.com/Delgan/loguru
742244656,agentscope,agentscope-ai/agentscope,agentscope-ai,23750,2521,Python,2024-01-12 03:41:59,2026-04-15 06:29:55,https://github.com/agentscope-ai/agentscope
106024057,pytorch_geometric,pyg-team/pytorch_geometric,pyg-team,23672,3979,Python,2017-10-06 16:03:03,2026-04-14 14:47:44,https://github.com/pyg-team/pytorch_geometric
752615721,iptv-api,Guovin/iptv-api,Guovin,23529,6908,Python,2024-02-04 11:22:59,2026-04-15 06:46:08,https://github.com/Guovin/iptv-api
631258918,pandas-ai,sinaptik-ai/pandas-ai,sinaptik-ai,23454,2298,Python,2023-04-22 12:58:01,2026-04-16 01:12:05,https://github.com/sinaptik-ai/pandas-ai
494232964,flash-attention,Dao-AILab/flash-attention,Dao-AILab,23372,2615,Python,2022-05-19 21:22:06,2026-04-16 04:04:52,https://github.com/Dao-AILab/flash-attention
749126547,Scrapegraph-ai,ScrapeGraphAI/Scrapegraph-ai,ScrapeGraphAI,23311,2039,Python,2024-01-27 16:54:38,2026-04-16 00:35:17,https://github.com/ScrapeGraphAI/Scrapegraph-ai
74762106,proxy_pool,jhao104/proxy_pool,jhao104,23291,5380,Python,2016-11-25 13:49:07,2026-04-16 03:51:50,https://github.com/jhao104/proxy_pool
640317662,vanna,vanna-ai/vanna,vanna-ai,23278,2322,Python,2023-05-13 17:26:28,2026-04-15 14:31:59,https://github.com/vanna-ai/vanna
748713144,lerobot,huggingface/lerobot,huggingface,23257,4259,Python,2024-01-26 15:50:41,2026-04-16 05:43:42,https://github.com/huggingface/lerobot
150058902,algo,wangzheng0822/algo,wangzheng0822,23176,7012,Python,2018-09-24 05:33:46,2026-04-15 06:35:33,https://github.com/wangzheng0822/algo
216773481,chinese-independent-blogs,timqian/chinese-independent-blogs,timqian,23168,2635,Python,2019-10-22 09:22:45,2026-04-15 11:08:49,https://github.com/timqian/chinese-independent-blogs
707551301,DeepSeek-Coder,deepseek-ai/DeepSeek-Coder,deepseek-ai,23029,2755,Python,2023-10-20 06:38:01,2026-04-16 05:36:38,https://github.com/deepseek-ai/DeepSeek-Coder
91948540,yfinance,ranaroussi/yfinance,ranaroussi,23020,3186,Python,2017-05-21 10:16:15,2026-04-16 05:35:31,https://github.com/ranaroussi/yfinance
953683578,serena,oraios/serena,oraios,23009,1546,Python,2025-03-23 22:35:24,2026-04-16 05:06:44,https://github.com/oraios/serena
428292281,IOPaint,Sanster/IOPaint,Sanster,22989,2437,Python,2021-11-15 14:16:40,2026-04-15 22:07:23,https://github.com/Sanster/IOPaint
138331573,NLP-progress,sebastianruder/NLP-progress,sebastianruder,22974,3610,Python,2018-06-22 17:43:55,2026-04-15 20:24:04,https://github.com/sebastianruder/NLP-progress
120710644,ddia,Vonng/ddia,Vonng,22910,4531,Python,2018-02-08 04:26:52,2026-04-16 03:17:51,https://github.com/Vonng/ddia
1078049937,DeepSeek-OCR,deepseek-ai/DeepSeek-OCR,deepseek-ai,22834,2103,Python,2025-10-17 06:14:27,2026-04-16 05:01:24,https://github.com/deepseek-ai/DeepSeek-OCR
8162715,saleor,saleor/saleor,saleor,22799,5966,Python,2013-02-12 16:46:39,2026-04-16 03:51:08,https://github.com/saleor/saleor
1385122,matplotlib,matplotlib/matplotlib,matplotlib,22718,8316,Python,2011-02-19 03:17:12,2026-04-16 03:37:05,https://github.com/matplotlib/matplotlib
862584018,python-sdk,modelcontextprotocol/python-sdk,modelcontextprotocol,22649,3331,Python,2024-09-24 21:01:35,2026-04-16 04:40:04,https://github.com/modelcontextprotocol/python-sdk
286500101,rembg,danielgatis/rembg,danielgatis,22589,2277,Python,2020-08-10 14:38:24,2026-04-16 04:55:58,https://github.com/danielgatis/rembg
239201565,deepface,serengil/deepface,serengil,22559,3060,Python,2020-02-08 20:42:28,2026-04-16 04:31:28,https://github.com/serengil/deepface
30582779,magic-wormhole,magic-wormhole/magic-wormhole,magic-wormhole,22521,731,Python,2015-02-10 08:38:44,2026-04-15 17:08:11,https://github.com/magic-wormhole/magic-wormhole
634081686,mlc-llm,mlc-ai/mlc-llm,mlc-ai,22471,2009,Python,2023-04-29 01:59:25,2026-04-16 05:22:15,https://github.com/mlc-ai/mlc-llm
1128123594,OpenViking,volcengine/OpenViking,volcengine,22357,1633,Python,2026-01-05 07:11:17,2026-04-16 05:33:10,https://github.com/volcengine/OpenViking
1006496207,SuperClaude_Framework,SuperClaude-Org/SuperClaude_Framework,SuperClaude-Org,22313,1876,Python,2025-06-22 12:03:53,2026-04-16 05:13:24,https://github.com/SuperClaude-Org/SuperClaude_Framework
301742,tornado,tornadoweb/tornado,tornadoweb,22271,5544,Python,2009-09-09 04:55:16,2026-04-15 10:11:57,https://github.com/tornadoweb/tornado
622737738,babyagi,yoheinakajima/babyagi,yoheinakajima,22224,2848,Python,2023-04-03 00:40:27,2026-04-16 05:09:22,https://github.com/yoheinakajima/babyagi
644715009,localGPT,PromtEngineer/localGPT,PromtEngineer,22202,2485,Python,2023-05-24 05:32:40,2026-04-16 05:09:25,https://github.com/PromtEngineer/localGPT
600368121,faster-whisper,SYSTRAN/faster-whisper,SYSTRAN,22197,1805,Python,2023-02-11 09:17:27,2026-04-16 02:37:30,https://github.com/SYSTRAN/faster-whisper
139199684,prefect,PrefectHQ/prefect,PrefectHQ,22184,2265,Python,2018-06-29 21:59:26,2026-04-16 05:37:47,https://github.com/PrefectHQ/prefect
1140843380,last30days-skill,mvanhorn/last30days-skill,mvanhorn,22165,1810,Python,2026-01-23 20:37:37,2026-04-16 05:42:47,https://github.com/mvanhorn/last30days-skill
198350484,unilm,microsoft/unilm,microsoft,22091,2698,Python,2019-07-23 04:15:28,2026-04-16 04:21:40,https://github.com/microsoft/unilm
703411624,letta,letta-ai/letta,letta-ai,22082,2337,Python,2023-10-11 07:38:37,2026-04-16 05:24:46,https://github.com/letta-ai/letta
15830664,mkdocs,mkdocs/mkdocs,mkdocs,21986,2610,Python,2014-01-11 21:05:21,2026-04-16 05:41:22,https://github.com/mkdocs/mkdocs
15570122,Gooey,chriskiehl/Gooey,chriskiehl,21939,1047,Python,2014-01-01 21:06:05,2026-04-15 02:52:39,https://github.com/chriskiehl/Gooey
208279416,developer-portfolios,emmabostian/developer-portfolios,emmabostian,21925,4358,Python,2019-09-13 14:18:58,2026-04-16 05:32:24,https://github.com/emmabostian/developer-portfolios
240315046,serve,jina-ai/serve,jina-ai,21868,2239,Python,2020-02-13 17:04:44,2026-04-14 12:54:34,https://github.com/jina-ai/serve
149430917,recommenders,recommenders-team/recommenders,recommenders-team,21626,3315,Python,2018-09-19 10:06:07,2026-04-16 03:46:30,https://github.com/recommenders-team/recommenders
854347601,ha_xiaomi_home,XiaoMi/ha_xiaomi_home,XiaoMi,21609,1150,Python,2024-09-09 02:14:48,2026-04-15 17:39:31,https://github.com/XiaoMi/ha_xiaomi_home
179152420,learn_python3_spider,wistbean/learn_python3_spider,wistbean,21546,3920,Python,2019-04-02 20:19:54,2026-04-16 05:08:10,https://github.com/wistbean/learn_python3_spider
250213286,datasets,huggingface/datasets,huggingface,21403,3175,Python,2020-03-26 09:23:22,2026-04-16 02:44:45,https://github.com/huggingface/datasets
662028682,gaussian-splatting,graphdeco-inria/gaussian-splatting,graphdeco-inria,21400,3116,Python,2023-07-04 07:51:38,2026-04-16 03:13:32,https://github.com/graphdeco-inria/gaussian-splatting
576103395,whisperX,m-bain/whisperX,m-bain,21326,2225,Python,2022-12-09 02:34:23,2026-04-16 04:59:38,https://github.com/m-bain/whisperX
761974775,swarm,openai/swarm,openai,21315,2276,Python,2024-02-22 20:53:54,2026-04-16 02:11:16,https://github.com/openai/swarm
617798408,chatgpt-retrieval-plugin,openai/chatgpt-retrieval-plugin,openai,21202,3626,Python,2023-03-23 06:06:22,2026-04-16 03:31:57,https://github.com/openai/chatgpt-retrieval-plugin
764723738,skyvern,Skyvern-AI/skyvern,Skyvern-AI,21161,1918,Python,2024-02-28 15:45:19,2026-04-16 05:21:41,https://github.com/Skyvern-AI/skyvern
29050338,backtrader,mementum/backtrader,mementum,21151,5033,Python,2015-01-10 07:14:52,2026-04-16 04:49:31,https://github.com/mementum/backtrader
70908208,rasa,RasaHQ/rasa,RasaHQ,21124,4912,Python,2016-10-14 12:27:49,2026-04-16 01:48:42,https://github.com/RasaHQ/rasa
283046497,airbyte,airbytehq/airbyte,airbytehq,21088,5144,Python,2020-07-27 23:55:54,2026-04-16 01:34:36,https://github.com/airbytehq/airbyte
655413331,HivisionIDPhotos,Zeyi-Lin/HivisionIDPhotos,Zeyi-Lin,21014,2384,Python,2023-06-18 20:17:56,2026-04-16 02:41:50,https://github.com/Zeyi-Lin/HivisionIDPhotos
611618121,awesome-free-chatgpt,LiLittleCat/awesome-free-chatgpt,LiLittleCat,21003,1400,Python,2023-03-09 07:37:37,2026-04-16 01:53:06,https://github.com/LiLittleCat/awesome-free-chatgpt
674075444,Qwen,QwenLM/Qwen,QwenLM,20999,1790,Python,2023-08-03 04:56:38,2026-04-16 05:35:17,https://github.com/QwenLM/Qwen
230885748,authentik,goauthentik/authentik,goauthentik,20996,1547,Python,2019-12-30 09:19:48,2026-04-16 04:49:58,https://github.com/goauthentik/authentik
570384908,peft,huggingface/peft,huggingface,20946,2251,Python,2022-11-25 03:51:09,2026-04-15 20:37:45,https://github.com/huggingface/peft
946380199,openai-agents-python,openai/openai-agents-python,openai,20873,3420,Python,2025-03-11 03:42:36,2026-04-16 05:42:17,https://github.com/openai/openai-agents-python
1027384981,deepagents,langchain-ai/deepagents,langchain-ai,20862,2900,Python,2025-07-27 23:07:53,2026-04-16 05:42:16,https://github.com/langchain-ai/deepagents
691347156,MaxKB,1Panel-dev/MaxKB,1Panel-dev,20735,2777,Python,2023-09-14 02:05:12,2026-04-16 05:33:32,https://github.com/1Panel-dev/MaxKB
881221486,verl,verl-project/verl,verl-project,20719,3665,Python,2024-10-31 06:11:15,2026-04-16 05:42:30,https://github.com/verl-project/verl
102692863,onnx,onnx/onnx,onnx,20660,3917,Python,2017-09-07 04:53:45,2026-04-15 18:39:09,https://github.com/onnx/onnx
823430322,CosyVoice,FunAudioLLM/CosyVoice,FunAudioLLM,20591,2363,Python,2024-07-03 02:59:22,2026-04-16 05:32:13,https://github.com/FunAudioLLM/CosyVoice
678526156,marimo,marimo-team/marimo,marimo-team,20424,1034,Python,2023-08-14 18:56:20,2026-04-16 04:16:10,https://github.com/marimo-team/marimo
7053637,mypy,python/mypy,python,20369,3165,Python,2012-12-07 13:30:23,2026-04-15 16:14:40,https://github.com/python/mypy
16479108,wagtail,wagtail/wagtail,wagtail,20290,4511,Python,2014-02-03 12:41:59,2026-04-16 01:55:16,https://github.com/wagtail/wagtail
52796596,netbox,netbox-community/netbox,netbox-community,20237,2980,Python,2016-02-29 14:15:46,2026-04-16 05:43:17,https://github.com/netbox-community/netbox
73872834,prophet,facebook/prophet,facebook,20125,4644,Python,2016-11-16 01:50:08,2026-04-16 03:08:38,https://github.com/facebook/prophet
928102730,index-tts,index-tts/index-tts,index-tts,20044,2464,Python,2025-02-06 04:08:05,2026-04-16 05:44:18,https://github.com/index-tts/index-tts
527419347,voice-changer,w-okada/voice-changer,w-okada,20033,2294,Python,2022-08-22 05:08:43,2026-04-15 23:36:24,https://github.com/w-okada/voice-changer
1007222028,gpt-oss,openai/gpt-oss,openai,20009,2063,Python,2025-06-23 16:43:33,2026-04-15 23:34:57,https://github.com/openai/gpt-oss
944414751,blender-mcp,ahujasid/blender-mcp,ahujasid,19823,1925,Python,2025-03-07 09:58:58,2026-04-16 05:13:26,https://github.com/ahujasid/blender-mcp
19463625,nginx-proxy,nginx-proxy/nginx-proxy,nginx-proxy,19798,3062,Python,2014-05-05 17:01:40,2026-04-16 02:34:51,https://github.com/nginx-proxy/nginx-proxy
58157629,magenta,magenta/magenta,magenta,19774,3782,Python,2016-05-05 20:10:40,2026-04-14 16:56:23,https://github.com/magenta/magenta
942114501,owl,camel-ai/owl,camel-ai,19655,2269,Python,2025-03-03 15:42:51,2026-04-15 23:00:19,https://github.com/camel-ai/owl
6297520,zipline,quantopian/zipline,quantopian,19633,4966,Python,2012-10-19 15:50:29,2026-04-16 05:23:58,https://github.com/quantopian/zipline
741297064,surya,datalab-to/surya,datalab-to,19595,1350,Python,2024-01-10 05:17:42,2026-04-16 02:41:45,https://github.com/datalab-to/surya
90349239,python-spider,Jack-Cherish/python-spider,Jack-Cherish,19578,5992,Python,2017-05-05 07:28:13,2026-04-16 01:16:15,https://github.com/Jack-Cherish/python-spider
775250190,devika,stitionai/devika,stitionai,19500,2588,Python,2024-03-21 03:03:21,2026-04-15 13:58:12,https://github.com/stitionai/devika
275386910,maigret,soxoj/maigret,soxoj,19459,1352,Python,2020-06-27 14:16:42,2026-04-16 04:49:04,https://github.com/soxoj/maigret
1061041576,heretic,p-e-w/heretic,p-e-w,19414,1952,Python,2025-09-21 05:46:16,2026-04-16 04:23:23,https://github.com/p-e-w/heretic
611305072,ChatPaper,kaixindelele/ChatPaper,kaixindelele,19400,1943,Python,2023-03-08 14:53:43,2026-04-16 02:20:14,https://github.com/kaixindelele/ChatPaper
101033179,inter,rsms/inter,rsms,19390,459,Python,2017-08-22 07:14:17,2026-04-16 01:49:34,https://github.com/rsms/inter
1117874367,vibe-coding-cn,2025Emma/vibe-coding-cn,2025Emma,19345,2091,Python,2025-12-17 00:10:23,2026-04-16 05:33:54,https://github.com/2025Emma/vibe-coding-cn
969010919,dia,nari-labs/dia,nari-labs,19255,1682,Python,2025-04-19 07:15:57,2026-04-16 01:12:23,https://github.com/nari-labs/dia
229937405,typer,fastapi/typer,fastapi,19223,875,Python,2019-12-24 12:24:11,2026-04-16 05:04:36,https://github.com/fastapi/typer
6662075,faker,joke2k/faker,joke2k,19219,2067,Python,2012-11-12 23:00:09,2026-04-15 23:27:25,https://github.com/joke2k/faker
460914281,taipy,Avaiga/taipy,Avaiga,19170,1973,Python,2022-02-18 15:55:45,2026-04-16 02:47:24,https://github.com/Avaiga/taipy
136026789,DeepFaceLab,iperov/DeepFaceLab,iperov,19133,858,Python,2018-06-04 13:10:00,2026-04-15 23:47:29,https://github.com/iperov/DeepFaceLab
958830659,adk-python,google/adk-python,google,19009,3230,Python,2025-04-01 20:44:40,2026-04-16 03:49:17,https://github.com/google/adk-python
428202741,awesome-oss-alternatives,RunaCapital/awesome-oss-alternatives,RunaCapital,19001,1041,Python,2021-11-15 09:38:58,2026-04-16 05:09:02,https://github.com/RunaCapital/awesome-oss-alternatives
780737106,SWE-agent,SWE-agent/SWE-agent,SWE-agent,18992,2051,Python,2024-04-02 04:09:47,2026-04-16 05:09:35,https://github.com/SWE-agent/SWE-agent
614325365,Chinese-LLaMA-Alpaca,ymcui/Chinese-LLaMA-Alpaca,ymcui,18947,1856,Python,2023-03-15 11:09:39,2026-04-15 05:47:58,https://github.com/ymcui/Chinese-LLaMA-Alpaca
1049095,kivy,kivy/kivy,kivy,18911,3150,Python,2010-11-03 20:27:32,2026-04-15 20:35:45,https://github.com/kivy/kivy
